,WORD,TEXTID,TEXT,LINE,LINEPOS,SCREENPOS,LETTERLINEPOS,OLEN,WLEN,PUNCT,OMARKS,EMARKS,WNUM,TXFR,LINE_START,LINE_END
0,Are,1,1,1,1,1,0,3,3,0,0,0,1,351,True,False
1,tourists,1,1,1,2,2,4,8,8,0,0,0,2,3,False,False
2,enticed,1,1,1,3,3,13,7,7,0,0,0,3,1,False,False
3,by,1,1,1,4,4,21,2,2,0,0,0,4,252,False,False
4,these,1,1,1,5,5,24,5,5,0,0,0,5,73,False,False
5,attractions,1,1,1,6,6,30,11,11,0,0,0,6,2,False,False
6,threatening,1,1,1,7,7,42,11,11,0,0,0,7,3,False,False
7,their,1,1,1,8,8,54,5,5,0,0,0,8,225,False,False
8,very,1,1,1,9,9,60,4,4,0,0,0,9,56,False,False
9,existence?,1,1,1,10,10,65,10,9,5,0,1,10,4,False,True
10,The,1,1,2,1,11,0,3,3,0,0,0,11,3511,True,False
11,two,1,1,2,2,12,4,3,3,0,0,0,12,43,False,False
12,young,1,1,2,3,13,8,5,5,0,0,0,13,43,False,False
13,sea-lions,1,1,2,4,14,14,9,9,0,0,0,14,-99,False,False
14,took,1,1,2,5,15,24,4,4,0,0,0,15,17,False,False
15,not,1,1,2,6,16,29,3,3,0,0,0,16,277,False,False
16,the,1,1,2,7,17,33,3,3,0,0,0,17,3511,False,False
17,slightest,1,1,2,8,18,37,9,9,0,0,0,18,3,False,False
18,interest,1,1,2,9,19,47,8,8,0,0,0,19,17,False,False
19,in,1,1,2,10,20,56,2,2,0,0,0,20,1091,False,False
20,our,1,1,2,11,21,59,3,3,0,0,0,21,84,False,False
21,arrival.,1,1,2,12,22,63,8,7,1,0,1,22,2,False,False
22,They,1,1,2,13,23,72,4,4,0,0,0,23,258,False,True
23,were,1,1,3,1,24,0,4,4,0,0,0,24,106,True,False
24,playing,1,1,3,2,25,5,7,7,0,0,0,25,6,False,False
25,on,1,1,3,3,26,13,2,2,0,0,0,26,417,False,False
26,the,1,1,3,4,27,16,3,3,0,0,0,27,3511,False,False
27,"jetty,",1,1,3,5,28,20,6,5,2,0,1,28,1,False,False
28,rolling,1,1,3,6,29,27,7,7,0,0,0,29,1,False,False
29,over,1,1,3,7,30,35,4,4,0,0,0,30,76,False,False
30,and,1,1,3,8,31,40,3,3,0,0,0,31,1283,False,False
31,tumbling,1,1,3,9,32,44,8,8,0,0,0,32,1,False,False
32,into,1,1,3,10,33,53,4,4,0,0,0,33,82,False,False
33,the,1,1,3,11,34,58,3,3,0,0,0,34,3511,False,False
34,water,1,1,3,12,35,62,5,5,0,0,0,35,6,False,False
35,"together,",1,1,3,13,36,68,9,8,2,0,1,36,5,False,True
36,entirely,1,1,4,1,37,0,8,8,0,0,0,37,9,True,False
37,ignoring,1,1,4,2,38,9,8,8,0,0,0,38,1,False,False
38,the,1,1,4,3,39,18,3,3,0,0,0,39,3511,False,False
39,human,1,1,4,4,40,22,5,5,0,0,0,40,25,False,False
40,beings,1,1,4,5,41,28,6,6,0,0,0,41,4,False,False
41,edging,1,1,4,6,42,35,6,6,0,0,0,42,1,False,False
42,awkwardly,1,1,4,7,43,42,9,9,0,0,0,43,1,False,False
43,round,1,1,4,8,44,52,5,5,0,0,0,44,11,False,False
44,them.,1,1,4,9,45,58,5,4,1,0,1,45,80,False,False
45,Our,1,1,4,10,46,64,3,3,0,0,0,46,84,False,False
46,party,1,1,4,11,47,68,5,5,0,0,0,47,22,False,False
47,then,1,1,4,12,48,74,4,4,0,0,0,48,71,False,True
48,had,1,1,5,1,49,0,3,3,0,0,0,49,130,True,False
49,to,1,1,5,2,50,4,2,2,0,0,0,50,1597,False,False
50,step,1,1,5,3,51,7,4,4,0,0,0,51,5,False,False
51,gingerly,1,1,5,4,52,12,8,8,0,0,0,52,1,False,False
52,over,1,1,5,5,53,21,4,4,0,0,0,53,76,False,False
53,hundreds,1,1,5,6,54,26,8,8,0,0,0,54,6,False,False
54,of,1,1,5,7,55,35,2,2,0,0,0,55,1757,False,False
55,marine,1,1,5,8,56,38,6,6,0,0,0,56,3,False,False
56,iguanas,1,1,5,9,57,45,7,7,0,0,0,57,2,False,False
57,basking,1,1,5,10,58,53,7,7,0,0,0,58,2,False,False
58,on,1,1,5,11,59,61,2,2,0,0,0,59,417,False,False
59,the,1,1,5,12,60,64,3,3,0,0,0,60,3511,False,False
60,"rocks,",1,1,5,13,61,68,6,5,2,0,1,61,1,False,True
61,strange,1,2,1,1,1,0,7,7,0,0,0,62,8,True,False
62,creatures,1,2,1,2,2,8,9,9,0,0,0,63,3,False,False
63,with,1,2,1,3,3,18,4,4,0,0,0,64,393,False,False
64,richly,1,2,1,4,4,23,6,6,0,0,0,65,2,False,False
65,coloured,1,2,1,5,5,30,8,8,0,0,0,66,1,False,False
66,velvet,1,2,1,6,6,39,6,6,0,0,0,67,1,False,False
67,"coats,",1,2,1,7,7,46,6,5,2,0,1,68,2,False,False
68,looking,1,2,1,8,8,53,7,7,0,0,0,69,13,False,False
69,like,1,2,1,9,9,61,4,4,0,0,0,70,99,False,False
70,something,1,2,1,10,10,66,9,9,0,0,0,71,29,False,True
71,between,1,2,2,1,11,0,7,7,0,0,0,72,42,True,False
72,a,1,2,2,2,12,8,1,1,0,0,0,73,1434,False,False
73,giant,1,2,2,3,13,10,5,5,0,0,0,74,7,False,False
74,lizard,1,2,2,4,14,16,6,6,0,0,0,75,3,False,False
75,and,1,2,2,5,15,23,3,3,0,0,0,76,1283,False,False
76,a,1,2,2,6,16,27,1,1,0,0,0,77,1434,False,False
77,miniature,1,2,2,7,17,29,9,9,0,0,0,78,1,False,False
78,"dinosaur,",1,2,2,8,18,39,9,8,2,0,1,79,3,False,False
79,and,1,2,2,9,19,49,3,3,0,0,0,80,1283,False,False
80,found,1,2,2,10,20,53,5,5,0,0,0,81,29,False,False
81,nowhere,1,2,2,11,21,59,7,7,0,0,0,82,6,False,False
82,else,1,2,2,12,22,67,4,4,0,0,0,83,9,False,False
83,on,1,2,2,13,23,72,2,2,0,0,0,84,417,False,False
84,earth,1,2,2,14,24,75,5,5,0,0,0,85,8,False,True
85,except,1,2,3,1,25,0,6,6,0,0,0,86,4,True,False
86,here,1,2,3,2,26,7,4,4,0,0,0,87,29,False,False
87,in,1,2,3,3,27,12,2,2,0,0,0,88,1091,False,False
88,the,1,2,3,4,28,15,3,3,0,0,0,89,3511,False,False
89,Galapagos.,1,2,3,5,29,19,10,9,1,0,1,90,7,False,False
90,A,1,2,3,6,30,34,1,1,0,0,0,91,1434,False,False
91,little,1,2,3,7,31,36,6,6,0,0,0,92,33,False,False
92,further,1,2,3,8,32,43,7,7,0,0,0,93,9,False,False
93,on,1,2,3,9,33,51,2,2,0,0,0,94,417,False,False
94,were,1,2,3,10,34,54,4,4,0,0,0,95,106,False,False
95,the,1,2,3,11,35,59,3,3,0,0,0,96,3511,False,False
96,blue-footed,1,2,3,12,36,63,11,11,0,0,0,97,-99,False,True
97,"boobies,",1,2,4,1,37,0,8,7,2,0,1,98,1,True,False
98,birds,1,2,4,2,38,9,5,5,0,0,0,99,8,False,False
99,with,1,2,4,3,39,15,4,4,0,0,0,100,393,False,False
100,brilliant,1,2,4,4,40,20,9,9,0,0,0,101,7,False,False
101,china-blue,1,2,4,5,41,30,10,10,0,0,0,102,-99,False,False
102,"feet,",1,2,4,6,42,41,5,4,2,0,1,103,9,False,False
103,again,1,2,4,7,43,47,5,5,0,0,0,104,28,False,False
104,unique.,1,2,4,8,44,53,7,6,1,0,1,105,7,False,False
105,And,1,2,4,9,45,61,3,3,0,0,0,106,1283,False,False
106,then,1,2,4,10,46,65,4,4,0,0,0,107,71,False,False
107,there,1,2,4,11,47,70,5,5,0,0,0,108,189,False,False
108,were,1,2,4,12,48,76,4,4,0,0,0,109,106,False,True
109,the,1,2,5,1,49,0,3,3,0,0,0,110,3511,True,False
110,flightless,1,2,5,2,50,4,10,10,0,0,0,111,1,False,False
111,"cormorants,",1,2,5,3,51,15,11,10,2,0,1,112,1,False,False
112,birds,1,2,5,4,52,27,5,5,0,0,0,113,8,False,False
113,with,1,2,5,5,53,33,4,4,0,0,0,114,393,False,False
114,vestigial,1,2,5,6,54,38,9,9,0,0,0,115,1,False,False
115,wings,1,2,5,7,55,48,5,5,0,0,0,116,2,False,False
116,"who,",1,2,5,8,56,54,4,3,2,0,1,117,157,False,False
117,over,1,2,5,9,57,59,4,4,0,0,0,118,76,False,False
118,the,1,2,5,10,58,64,3,3,0,0,0,119,3511,False,False
119,"generations,",1,2,5,11,59,68,12,11,2,0,1,120,2,False,True
120,have,1,3,1,1,1,0,4,4,0,0,0,121,361,True,False
121,lost,1,3,1,2,2,5,4,4,0,0,0,122,11,False,False
122,the,1,3,1,3,3,10,3,3,0,0,0,123,3511,False,False
123,ability,1,3,1,4,4,14,7,7,0,0,0,124,9,False,False
124,to,1,3,1,5,5,22,2,2,0,0,0,125,1597,False,False
125,fly,1,3,1,6,6,25,3,3,0,0,0,126,4,False,False
126,because,1,3,1,7,7,29,7,7,0,0,0,127,78,False,False
127,the,1,3,1,8,8,37,3,3,0,0,0,128,3511,False,False
128,nutrients,1,3,1,9,9,41,9,9,0,0,0,129,1,False,False
129,at,1,3,1,10,10,51,2,2,0,0,0,130,269,False,False
130,the,1,3,1,11,11,54,3,3,0,0,0,131,3511,False,False
131,shoreline,1,3,1,12,12,58,9,9,0,0,0,132,2,False,False
132,are,1,3,1,13,13,68,3,3,0,0,0,133,351,False,False
133,so,1,3,1,14,14,72,2,2,0,0,0,134,154,False,False
134,rich,1,3,1,15,15,75,4,4,0,0,0,135,4,False,True
135,they,1,3,2,1,16,0,4,4,0,0,0,136,258,True,False
136,have,1,3,2,2,17,5,4,4,0,0,0,137,361,False,False
137,no,1,3,2,3,18,10,2,2,0,0,0,138,117,False,False
138,need,1,3,2,4,19,13,4,4,0,0,0,139,36,False,False
139,to,1,3,2,5,20,18,2,2,0,0,0,140,1597,False,False
140,leave.,1,3,2,6,21,21,6,5,1,0,1,141,11,False,False
141,The,1,3,2,7,22,32,3,3,0,0,0,142,3511,False,False
142,island,1,3,2,8,23,36,6,6,0,0,0,143,8,False,False
143,of,1,3,2,9,24,43,2,2,0,0,0,144,1757,False,False
144,Fernandina,1,3,2,10,25,46,10,10,0,0,0,145,2,False,False
145,lies,1,3,2,11,26,57,4,4,0,0,0,146,14,False,False
146,at,1,3,2,12,27,62,2,2,0,0,0,147,269,False,False
147,the,1,3,2,13,28,65,3,3,0,0,0,148,3511,False,False
148,far,1,3,2,14,29,69,3,3,0,0,0,149,39,False,False
149,western,1,3,2,15,30,73,7,7,0,0,0,150,3,False,True
150,edge,1,3,3,1,31,0,4,4,0,0,0,151,3,True,False
151,of,1,3,3,2,32,5,2,2,0,0,0,152,1757,False,False
152,the,1,3,3,3,33,8,3,3,0,0,0,153,3511,False,False
153,Galapagos,1,3,3,4,34,12,9,9,0,0,0,154,7,False,False
154,"archipelago,",1,3,3,5,35,22,12,11,2,0,1,155,1,False,False
155,dominated,1,3,3,6,36,35,9,9,0,0,0,156,3,False,False
156,by,1,3,3,7,37,45,2,2,0,0,0,157,252,False,False
157,a,1,3,3,8,38,48,1,1,0,0,0,158,1434,False,False
158,volcano,1,3,3,9,39,50,7,7,0,0,0,159,1,False,False
159,that,1,3,3,10,40,58,4,4,0,0,0,160,871,False,False
160,last,1,3,3,11,41,63,4,4,0,0,0,161,73,False,False
161,erupted,1,3,3,12,42,68,7,7,0,0,0,162,1,False,False
162,only,1,3,3,13,43,76,4,4,0,0,0,163,97,False,True
163,six,1,3,4,1,44,0,3,3,0,0,0,164,13,True,False
164,years,1,3,4,2,45,4,5,5,0,0,0,165,104,False,False
165,"ago,",1,3,4,3,46,10,4,3,2,0,1,166,29,False,False
166,and,1,3,4,4,47,15,3,3,0,0,0,167,1283,False,False
167,home,1,3,4,5,48,19,4,4,0,0,0,168,19,False,False
168,to,1,3,4,6,49,24,2,2,0,0,0,169,1597,False,False
169,some,1,3,4,7,50,27,4,4,0,0,0,170,86,False,False
170,of,1,3,4,8,51,32,2,2,0,0,0,171,1757,False,False
171,the,1,3,4,9,52,35,3,3,0,0,0,172,3511,False,False
172,most,1,3,4,10,53,39,4,4,0,0,0,173,93,False,False
173,remarkable,1,3,4,11,54,44,10,10,0,0,0,174,4,False,False
174,wildlife,1,3,4,12,55,55,8,8,0,0,0,175,5,False,False
175,in,1,3,4,13,56,64,2,2,0,0,0,176,1091,False,False
176,the,1,3,4,14,57,67,3,3,0,0,0,177,3511,False,False
177,world.,1,3,4,15,58,71,6,5,1,0,1,178,60,False,False
178,It,1,3,4,16,59,78,2,2,0,0,0,179,544,False,True
179,was,1,3,5,1,60,0,3,3,0,0,0,180,383,True,False
180,late,1,3,5,2,61,4,4,4,0,0,0,181,11,False,False
181,afternoon,1,3,5,3,62,9,9,9,0,0,0,182,4,False,False
182,on,1,3,5,4,63,19,2,2,0,0,0,183,417,False,False
183,one,1,3,5,5,64,22,3,3,0,0,0,184,176,False,False
184,of,1,3,5,6,65,26,2,2,0,0,0,185,1757,False,False
185,the,1,3,5,7,66,29,3,3,0,0,0,186,3511,False,False
186,last,1,3,5,8,67,33,4,4,0,0,0,187,73,False,False
187,days,1,3,5,9,68,38,4,4,0,0,0,188,28,False,False
188,of,1,3,5,10,69,43,2,2,0,0,0,189,1757,False,False
189,the,1,3,5,11,70,46,3,3,0,0,0,190,3511,False,False
190,"year,",1,3,5,12,71,50,5,4,2,0,1,191,51,False,False
191,and,1,3,5,13,72,56,3,3,0,0,0,192,1283,False,False
192,we,1,3,5,14,73,60,2,2,0,0,0,193,179,False,False
193,had,1,3,5,15,74,63,3,3,0,0,0,194,130,False,False
194,come,1,3,5,16,75,67,4,4,0,0,0,195,37,False,False
195,ashore,1,3,5,17,76,72,6,6,0,0,0,196,3,False,True
196,to,1,4,1,1,1,0,2,2,0,0,0,197,1597,True,False
197,scramble,1,4,1,2,2,3,8,8,0,0,0,198,-99,False,False
198,round,1,4,1,3,3,12,5,5,0,0,0,199,11,False,False
199,the,1,4,1,4,4,18,3,3,0,0,0,200,3511,False,False
200,rough,1,4,1,5,5,22,5,5,0,0,0,201,2,False,False
201,dark,1,4,1,6,6,28,4,4,0,0,0,202,2,False,False
202,lava,1,4,1,7,7,33,4,4,0,0,0,203,-99,False,False
203,rocks,1,4,1,8,8,38,5,5,0,0,0,204,1,False,False
204,of,1,4,1,9,9,44,2,2,0,0,0,205,1757,False,False
205,Punta,1,4,1,10,10,47,5,5,0,0,0,206,1,False,False
206,Espinosa,1,4,1,11,11,53,8,8,0,0,0,207,1,False,False
207,on,1,4,1,12,12,62,2,2,0,0,0,208,417,False,False
208,the,1,4,1,13,13,65,3,3,0,0,0,209,3511,False,False
209,island.,1,4,1,14,14,69,7,6,1,0,1,210,8,False,False
210,In,1,4,1,15,15,77,2,2,0,0,0,211,1091,False,True
211,the,1,4,2,1,16,0,3,3,0,0,0,212,3511,True,False
212,golden,1,4,2,2,17,4,6,6,0,0,0,213,7,False,False
213,afternoon,1,4,2,3,18,11,9,9,0,0,0,214,4,False,False
214,"light,",1,4,2,4,19,21,6,5,2,0,1,215,11,False,False
215,with,1,4,2,5,20,28,4,4,0,0,0,216,393,False,False
216,the,1,4,2,6,21,33,3,3,0,0,0,217,3511,False,False
217,moon,1,4,2,7,22,37,4,4,0,0,0,218,1,False,False
218,rising,1,4,2,8,23,42,6,6,0,0,0,219,5,False,False
219,above,1,4,2,9,24,49,5,5,0,0,0,220,7,False,False
220,the,1,4,2,10,25,55,3,3,0,0,0,221,3511,False,False
221,volcanoes,1,4,2,11,26,59,9,9,0,0,0,222,1,False,False
222,on,1,4,2,12,27,69,2,2,0,0,0,223,417,False,False
223,Isabela,1,4,2,13,28,72,7,7,0,0,0,224,1,False,True
224,Island,1,4,3,1,29,0,6,6,0,0,0,225,8,True,False
225,across,1,4,3,2,30,7,6,6,0,0,0,226,28,False,False
226,the,1,4,3,3,31,14,3,3,0,0,0,227,3511,False,False
227,"strait,",1,4,3,4,32,18,7,6,2,0,1,228,1,False,False
228,we,1,4,3,5,33,26,2,2,0,0,0,229,179,False,False
229,could,1,4,3,6,34,29,5,5,0,0,0,230,84,False,False
230,be,1,4,3,7,35,35,2,2,0,0,0,231,423,False,False
231,forgiven,1,4,3,8,36,38,8,8,0,0,0,232,2,False,False
232,for,1,4,3,9,37,47,3,3,0,0,0,233,519,False,False
233,thinking,1,4,3,10,38,51,8,8,0,0,0,234,10,False,False
234,that,1,4,3,11,39,60,4,4,0,0,0,235,871,False,False
235,we,1,4,3,12,40,65,2,2,0,0,0,236,179,False,False
236,were,1,4,3,13,41,68,4,4,0,0,0,237,106,False,False
237,guests,1,4,3,14,42,73,6,6,0,0,0,238,3,False,True
238,in,1,4,4,1,43,0,2,2,0,0,0,239,1091,True,False
239,paradise.,1,4,4,2,44,3,9,8,1,0,1,240,2,False,False
240,The,1,4,4,3,45,17,3,3,0,0,0,241,3511,False,False
241,creatures,1,4,4,4,46,21,9,9,0,0,0,242,3,False,False
242,you,1,4,4,5,47,31,3,3,0,0,0,243,179,False,False
243,see,1,4,4,6,48,35,3,3,0,0,0,244,41,False,False
244,in,1,4,4,7,49,39,2,2,0,0,0,245,1091,False,False
245,the,1,4,4,8,50,42,3,3,0,0,0,246,3511,False,False
246,Galapagos,1,4,4,9,51,46,9,9,0,0,0,247,7,False,False
247,are,1,4,4,10,52,56,3,3,0,0,0,248,351,False,False
248,remarkable,1,4,4,11,53,60,10,10,0,0,0,249,4,False,False
249,in,1,4,4,12,54,71,2,2,0,0,0,250,1091,False,False
250,their,1,4,4,13,55,74,5,5,0,0,0,251,225,False,True
251,rarity.,1,4,5,1,56,0,7,6,1,0,1,252,2,True,False
252,They,1,4,5,2,57,8,4,4,0,0,0,253,258,False,False
253,are,1,4,5,3,58,13,3,3,0,0,0,254,351,False,False
254,even,1,4,5,4,59,17,4,4,0,0,0,255,84,False,False
255,more,1,4,5,5,60,22,4,4,0,0,0,256,168,False,False
256,so,1,4,5,6,61,27,2,2,0,0,0,257,154,False,False
257,for,1,4,5,7,62,30,3,3,0,0,0,258,519,False,False
258,their,1,4,5,8,63,34,5,5,0,0,0,259,225,False,False
259,lack,1,4,5,9,64,40,4,4,0,0,0,260,7,False,False
260,of,1,4,5,10,65,45,2,2,0,0,0,261,1757,False,False
261,fear.,1,4,5,11,66,48,5,4,1,0,1,262,9,False,False
262,They,1,4,5,12,67,54,4,4,0,0,0,263,258,False,False
263,don't,1,4,5,13,68,59,5,5,8,0,0,264,-99,False,False
264,run,1,4,5,14,69,65,3,3,0,0,0,265,20,False,False
265,away.,1,4,5,15,70,69,5,4,1,0,1,266,27,False,False
266,They,1,4,5,16,71,75,4,4,0,0,0,267,258,False,True
267,carry,1,5,1,1,1,0,5,5,0,0,0,268,6,True,False
268,on,1,5,1,2,2,6,2,2,0,0,0,269,417,False,False
269,basking,1,5,1,3,3,9,7,7,0,0,0,270,2,False,False
270,or,1,5,1,4,4,17,2,2,0,0,0,271,194,False,False
271,playing,1,5,1,5,5,20,7,7,0,0,0,272,6,False,False
272,or,1,5,1,6,6,28,2,2,0,0,0,273,194,False,False
273,mating,1,5,1,7,7,31,6,6,0,0,0,274,2,False,False
274,or,1,5,1,8,8,38,2,2,0,0,0,275,194,False,False
275,incubating,1,5,1,9,9,41,10,10,0,0,0,276,1,False,False
276,their,1,5,1,10,10,52,5,5,0,0,0,277,225,False,False
277,eggs,1,5,1,11,11,58,4,4,0,0,0,278,1,False,False
278,or,1,5,1,12,12,63,2,2,0,0,0,279,194,False,False
279,fighting,1,5,1,13,13,66,8,8,0,0,0,280,2,False,False
280,for,1,5,1,14,14,75,3,3,0,0,0,281,519,False,True
281,territory,1,5,2,1,15,0,9,9,0,0,0,282,3,True,False
282,with,1,5,2,2,16,10,4,4,0,0,0,283,393,False,False
283,blissful,1,5,2,3,17,15,8,8,0,0,0,284,1,False,False
284,disregard,1,5,2,4,18,24,9,9,0,0,0,285,2,False,False
285,for,1,5,2,5,19,34,3,3,0,0,0,286,519,False,False
286,human,1,5,2,6,20,38,5,5,0,0,0,287,25,False,False
287,beings.,1,5,2,7,21,44,7,6,1,0,1,288,4,False,False
288,It,1,5,2,8,22,52,2,2,0,0,0,289,544,False,False
289,is,1,5,2,9,23,55,2,2,0,0,0,290,717,False,False
290,as,1,5,2,10,24,58,2,2,0,0,0,291,422,False,False
291,if,1,5,2,11,25,61,2,2,0,0,0,292,150,False,False
292,you,1,5,2,12,26,64,3,3,0,0,0,293,179,False,False
293,are,1,5,2,13,27,68,3,3,0,0,0,294,351,False,False
294,walking,1,5,2,14,28,72,7,7,0,0,0,295,5,False,True
295,into,1,5,3,1,29,0,4,4,0,0,0,296,82,True,False
296,a,1,5,3,2,30,5,1,1,0,0,0,297,1434,False,False
297,David,1,5,3,3,31,7,5,5,0,0,0,298,12,False,False
298,Attenborough,1,5,3,4,32,13,12,12,0,0,0,299,1,False,False
299,"programme,",1,5,3,5,33,26,10,9,2,0,1,300,8,False,False
300,and,1,5,3,6,34,37,3,3,0,0,0,301,1283,False,False
301,finding,1,5,3,7,35,41,7,7,0,0,0,302,9,False,False
302,that,1,5,3,8,36,49,4,4,0,0,0,303,871,False,False
303,the,1,5,3,9,37,54,3,3,0,0,0,304,3511,False,False
304,real,1,5,3,10,38,58,4,4,0,0,0,305,37,False,False
305,thing,1,5,3,11,39,63,5,5,0,0,0,306,24,False,False
306,is,1,5,3,12,40,69,2,2,0,0,0,307,717,False,False
307,even,1,5,3,13,41,72,4,4,0,0,0,308,84,False,True
308,better,1,5,4,1,42,0,6,6,0,0,0,309,26,True,False
309,than,1,5,4,2,43,7,4,4,0,0,0,310,123,False,False
310,you,1,5,4,3,44,12,3,3,0,0,0,311,179,False,False
311,ever,1,5,4,4,45,16,4,4,0,0,0,312,38,False,False
312,imagined.,1,5,4,5,46,21,9,8,1,0,1,313,2,False,False
313,The,1,5,4,6,47,31,3,3,0,0,0,314,3511,False,False
314,closeness,1,5,4,7,48,35,9,9,0,0,0,315,1,False,False
315,of,1,5,4,8,49,45,2,2,0,0,0,316,1757,False,False
316,the,1,5,4,9,50,48,3,3,0,0,0,317,3511,False,False
317,living,1,5,4,10,51,52,6,6,0,0,0,318,10,False,False
318,natural,1,5,4,11,52,59,7,7,0,0,0,319,9,False,False
319,"world,",1,5,4,12,53,67,6,5,2,0,1,320,60,False,False
320,in,1,5,4,13,54,74,2,2,0,0,0,321,1091,False,True
321,this,1,5,5,1,55,0,4,4,0,0,0,322,293,True,False
322,environment,1,5,5,2,56,5,11,11,0,0,0,323,10,False,False
323,of,1,5,5,3,57,17,2,2,0,0,0,324,1757,False,False
324,volcanic,1,5,5,4,58,20,8,8,0,0,0,325,1,False,False
325,rock,1,5,5,5,59,29,4,4,0,0,0,326,3,False,False
326,and,1,5,5,6,60,34,3,3,0,0,0,327,1283,False,False
327,sweeping,1,5,5,7,61,38,8,8,0,0,0,328,2,False,False
328,beaches,1,5,5,8,62,47,7,7,0,0,0,329,2,False,False
329,and,1,5,5,9,63,55,3,3,0,0,0,330,1283,False,False
330,sparse,1,5,5,10,64,59,6,6,0,0,0,331,2,False,False
331,"vegetation,",1,5,5,11,65,66,11,10,2,0,1,332,2,False,True
332,makes,1,6,1,1,1,0,5,5,0,0,0,333,14,True,False
333,the,1,6,1,2,2,6,3,3,0,0,0,334,3511,False,False
334,Galapagos,1,6,1,3,3,10,9,9,0,0,0,335,7,False,False
335,experience,1,6,1,4,4,20,10,10,0,0,0,336,17,False,False
336,special.,1,6,1,5,5,31,8,7,1,0,1,337,10,False,False
337,The,1,6,1,6,6,44,3,3,0,0,0,338,3511,False,False
338,colours,1,6,1,7,7,48,7,7,0,0,0,339,2,False,False
339,"help,",1,6,1,8,8,56,5,4,2,0,1,340,21,False,False
340,too.,1,6,1,9,9,62,4,3,1,0,1,341,56,False,False
341,The,1,6,1,10,10,67,3,3,0,0,0,342,3511,False,False
342,intense,1,6,1,11,11,71,7,7,0,0,0,343,2,False,True
343,black,1,6,2,1,12,0,5,5,0,0,0,344,10,True,False
344,of,1,6,2,2,13,6,2,2,0,0,0,345,1757,False,False
345,the,1,6,2,3,14,9,3,3,0,0,0,346,3511,False,False
346,"rock,",1,6,2,4,15,13,5,4,2,0,1,347,3,False,False
347,the,1,6,2,5,16,19,3,3,0,0,0,348,3511,False,False
348,startling,1,6,2,6,17,23,9,9,0,0,0,349,1,False,False
349,blue,1,6,2,7,18,33,4,4,0,0,0,350,3,False,False
350,of,1,6,2,8,19,38,2,2,0,0,0,351,1757,False,False
351,sea,1,6,2,9,20,41,3,3,0,0,0,352,9,False,False
352,and,1,6,2,10,21,45,3,3,0,0,0,353,1283,False,False
353,"sky,",1,6,2,11,22,49,4,3,2,0,1,354,4,False,False
354,the,1,6,2,12,23,54,3,3,0,0,0,355,3511,False,False
355,crimson,1,6,2,13,24,58,7,7,0,0,0,356,1,False,False
356,of,1,6,2,14,25,66,2,2,0,0,0,357,1757,False,False
357,the,1,6,2,15,26,69,3,3,0,0,0,358,3511,False,False
358,mating,1,6,2,16,27,73,6,6,0,0,0,359,2,False,True
359,"frigate-birds,",1,6,3,1,28,0,14,13,2,0,1,360,-99,True,False
360,the,1,6,3,2,29,15,3,3,0,0,0,361,3511,False,False
361,yellow,1,6,3,3,30,19,6,6,0,0,0,362,4,False,False
362,of,1,6,3,4,31,26,2,2,0,0,0,363,1757,False,False
363,the,1,6,3,5,32,29,3,3,0,0,0,364,3511,False,False
364,"warblers,",1,6,3,6,33,33,9,8,2,0,1,365,1,False,False
365,the,1,6,3,7,34,43,3,3,0,0,0,366,3511,False,False
366,brilliant,1,6,3,8,35,47,9,9,0,0,0,367,7,False,False
367,orange,1,6,3,9,36,57,6,6,0,0,0,368,2,False,False
368,of,1,6,3,10,37,64,2,2,0,0,0,369,1757,False,False
369,the,1,6,3,11,38,67,3,3,0,0,0,370,3511,False,False
370,American,1,6,3,12,39,71,8,8,0,0,0,371,16,False,True
371,"oyster-catchers,",1,6,4,1,40,0,16,15,2,0,1,372,-99,True,False
372,the,1,6,4,2,41,17,3,3,0,0,0,373,3511,False,False
373,glistening,1,6,4,3,42,21,10,10,0,0,0,374,1,False,False
374,silver,1,6,4,4,43,32,6,6,0,0,0,375,5,False,False
375,of,1,6,4,5,44,39,2,2,0,0,0,376,1757,False,False
376,hundreds,1,6,4,6,45,42,8,8,0,0,0,377,6,False,False
377,of,1,6,4,7,46,51,2,2,0,0,0,378,1757,False,False
378,dolphins,1,6,4,8,47,54,8,8,0,0,0,379,1,False,False
379,swooping,1,6,4,9,48,63,8,8,0,0,0,380,1,False,False
380,round,1,6,4,10,49,72,5,5,0,0,0,381,11,False,True
381,your,1,6,5,1,50,0,4,4,0,0,0,382,65,True,False
382,ship,1,6,5,2,51,5,4,4,0,0,0,383,2,False,False
383,in,1,6,5,3,52,10,2,2,0,0,0,384,1091,False,False
384,the,1,6,5,4,53,13,3,3,0,0,0,385,3511,False,False
385,dawn,1,6,5,5,54,17,4,4,0,0,0,386,3,False,False
386,light.,1,6,5,6,55,22,6,5,1,0,1,387,11,False,False
387,We,1,6,5,7,56,33,2,2,0,0,0,388,179,False,False
388,spent,1,6,5,8,57,36,5,5,0,0,0,389,15,False,False
389,eight,1,6,5,9,58,42,5,5,0,0,0,390,6,False,False
390,days,1,6,5,10,59,48,4,4,0,0,0,391,28,False,False
391,in,1,6,5,11,60,53,2,2,0,0,0,392,1091,False,False
392,"all,",1,6,5,12,61,56,4,3,2,0,1,393,167,False,False
393,aboard,1,6,5,13,62,61,6,6,0,0,0,394,2,False,False
394,a,1,6,5,14,63,68,1,1,0,0,0,395,1434,False,False
395,boat,1,6,5,15,64,70,4,4,0,0,0,396,8,False,True
396,called,1,7,1,1,1,0,6,6,0,0,0,397,22,True,False
397,Tropic,1,7,1,2,2,7,6,6,0,0,0,398,1,False,False
398,"Sun,",1,7,1,3,3,14,4,3,2,0,1,399,2,False,False
399,visiting,1,7,1,4,4,19,8,8,0,0,0,400,4,False,False
400,all,1,7,1,5,5,28,3,3,0,0,0,401,167,False,False
401,parts,1,7,1,6,6,32,5,5,0,0,0,402,7,False,False
402,of,1,7,1,7,7,38,2,2,0,0,0,403,1757,False,False
403,the,1,7,1,8,8,41,3,3,0,0,0,404,3511,False,False
404,islands.,1,7,1,9,9,45,8,7,1,0,1,405,7,False,False
405,We,1,7,1,10,10,54,2,2,0,0,0,406,179,False,False
406,"lived,",1,7,1,11,11,57,6,5,2,0,1,407,6,False,False
407,ate,1,7,1,12,12,64,3,3,0,0,0,408,2,False,False
408,and,1,7,1,13,13,68,3,3,0,0,0,409,1283,False,False
409,slept,1,7,1,14,14,72,5,5,0,0,0,410,1,False,False
410,on,1,7,1,15,15,78,2,2,0,0,0,411,417,False,True
411,the,1,7,2,1,16,0,3,3,0,0,0,412,3511,True,False
412,boat,1,7,2,2,17,4,4,4,0,0,0,413,8,False,False
413,and,1,7,2,3,18,9,3,3,0,0,0,414,1283,False,False
414,went,1,7,2,4,19,13,4,4,0,0,0,415,13,False,False
415,ashore,1,7,2,5,20,18,6,6,0,0,0,416,3,False,False
416,two,1,7,2,6,21,25,3,3,0,0,0,417,43,False,False
417,or,1,7,2,7,22,29,2,2,0,0,0,418,194,False,False
418,three,1,7,2,8,23,32,5,5,0,0,0,419,28,False,False
419,times,1,7,2,9,24,38,5,5,0,0,0,420,23,False,False
420,a,1,7,2,10,25,44,1,1,0,0,0,421,1434,False,False
421,"day,",1,7,2,11,26,46,4,3,2,0,1,422,35,False,False
422,to,1,7,2,12,27,51,2,2,0,0,0,423,1597,False,False
423,walk,1,7,2,13,28,54,4,4,0,0,0,424,5,False,False
424,the,1,7,2,14,29,59,3,3,0,0,0,425,3511,False,False
425,"trails,",1,7,2,15,30,63,7,6,2,0,1,426,3,False,False
426,see,1,7,2,16,31,71,3,3,0,0,0,427,41,False,False
427,the,1,7,2,17,32,75,3,3,0,0,0,428,3511,False,True
428,"wildlife,",1,7,3,1,33,0,9,8,2,0,1,429,5,True,False
429,and,1,7,3,2,34,10,3,3,0,0,0,430,1283,False,False
430,snorkel,1,7,3,3,35,14,7,7,0,0,0,431,1,False,False
431,in,1,7,3,4,36,22,2,2,0,0,0,432,1091,False,False
432,the,1,7,3,5,37,25,3,3,0,0,0,433,3511,False,False
433,sea.,1,7,3,6,38,29,4,3,1,0,1,434,9,False,False
434,The,1,7,3,7,39,34,3,3,0,0,0,435,3511,False,False
435,boat,1,7,3,8,40,38,4,4,0,0,0,436,8,False,False
436,was,1,7,3,9,41,43,3,3,0,0,0,437,383,False,False
437,hardly,1,7,3,10,42,47,6,6,0,0,0,438,11,False,False
438,the,1,7,3,11,43,54,3,3,0,0,0,439,3511,False,False
439,most,1,7,3,12,44,58,4,4,0,0,0,440,93,False,False
440,luxurious,1,7,3,13,45,63,9,9,0,0,0,441,3,False,True
441,experience,1,7,4,1,46,0,10,10,0,0,0,442,17,True,False
442,we'd,1,7,4,2,47,11,4,4,8,0,0,443,-99,False,False
443,ever,1,7,4,3,48,16,4,4,0,0,0,444,38,False,False
444,"had,",1,7,4,4,49,21,4,3,2,0,1,445,130,False,False
445,and,1,7,4,5,50,26,3,3,0,0,0,446,1283,False,False
446,was,1,7,4,6,51,30,3,3,0,0,0,447,383,False,False
447,certainly,1,7,4,7,52,34,9,9,0,0,0,448,21,False,False
448,not,1,7,4,8,53,44,3,3,0,0,0,449,277,False,False
449,a,1,7,4,9,54,48,1,1,0,0,0,450,1434,False,False
450,centre,1,7,4,10,55,50,6,6,0,0,0,451,16,False,False
451,of,1,7,4,11,56,57,2,2,0,0,0,452,1757,False,False
452,gastronomic,1,7,4,12,57,60,11,11,0,0,0,453,1,False,True
453,excellence.,1,7,5,1,58,0,11,10,1,0,1,454,1,True,False
454,But,1,7,5,2,59,12,3,3,0,0,0,455,325,False,False
455,that,1,7,5,3,60,16,4,4,0,0,0,456,871,False,False
456,really,1,7,5,4,61,21,6,6,0,0,0,457,34,False,False
457,wasn't,1,7,5,5,62,28,6,6,8,0,0,458,-99,False,False
458,the,1,7,5,6,63,35,3,3,0,0,0,459,3511,False,False
459,point.,1,7,5,7,64,39,6,5,1,0,1,460,26,False,False
460,It,1,7,5,8,65,46,2,2,0,0,0,461,544,False,False
461,took,1,7,5,9,66,49,4,4,0,0,0,462,17,False,False
462,us,1,7,5,10,67,54,2,2,0,0,0,463,86,False,False
463,to,1,7,5,11,68,57,2,2,0,0,0,464,1597,False,False
464,the,1,7,5,12,69,60,3,3,0,0,0,465,3511,False,False
465,places,1,7,5,13,70,64,6,6,0,0,0,466,9,False,False
466,we,1,7,5,14,71,71,2,2,0,0,0,467,179,False,False
467,wanted,1,7,5,15,72,74,6,6,0,0,0,468,14,False,True
468,to,1,8,1,1,1,0,2,2,0,0,0,469,1597,True,False
469,see;,1,8,1,2,2,3,4,3,3,0,1,470,41,False,False
470,and,1,8,1,3,3,8,3,3,0,0,0,471,1283,False,False
471,the,1,8,1,4,4,12,3,3,0,0,0,472,3511,False,False
472,expert,1,8,1,5,5,16,6,6,0,0,0,473,4,False,False
473,guide,1,8,1,6,6,23,5,5,0,0,0,474,9,False,False
474,we,1,8,1,7,7,29,2,2,0,0,0,475,179,False,False
475,"had,",1,8,1,8,8,32,4,3,2,0,1,476,130,False,False
476,who,1,8,1,9,9,37,3,3,0,0,0,477,157,False,False
477,led,1,8,1,10,10,41,3,3,0,0,0,478,7,False,False
478,us,1,8,1,11,11,45,2,2,0,0,0,479,86,False,False
479,round,1,8,1,12,12,48,5,5,0,0,0,480,11,False,False
480,the,1,8,1,13,13,54,3,3,0,0,0,481,3511,False,False
481,trails,1,8,1,14,14,58,6,6,0,0,0,482,3,False,False
482,and,1,8,1,15,15,65,3,3,0,0,0,483,1283,False,False
483,explained,1,8,1,16,16,69,9,9,0,0,0,484,7,False,True
484,the,1,8,2,1,17,0,3,3,0,0,0,485,3511,True,False
485,flora,1,8,2,2,18,4,5,5,0,0,0,486,1,False,False
486,and,1,8,2,3,19,10,3,3,0,0,0,487,1283,False,False
487,fauna,1,8,2,4,20,14,5,5,0,0,0,488,1,False,False
488,to,1,8,2,5,21,20,2,2,0,0,0,489,1597,False,False
489,"us,",1,8,2,6,22,23,3,2,2,0,1,490,86,False,False
490,was,1,8,2,7,23,27,3,3,0,0,0,491,383,False,False
491,the,1,8,2,8,24,31,3,3,0,0,0,492,3511,False,False
492,best,1,8,2,9,25,35,4,4,0,0,0,493,23,False,False
493,we,1,8,2,10,26,40,2,2,0,0,0,494,179,False,False
494,could,1,8,2,11,27,43,5,5,0,0,0,495,84,False,False
495,possibly,1,8,2,12,28,49,8,8,0,0,0,496,4,False,False
496,have,1,8,2,13,29,58,4,4,0,0,0,497,361,False,False
497,wanted.,1,8,2,14,30,63,7,6,1,0,1,498,14,False,False
498,You,1,8,2,15,31,75,3,3,0,0,0,499,179,False,True
499,need,1,8,3,1,32,0,4,4,0,0,0,500,36,True,False
500,not,1,8,3,2,33,5,3,3,0,0,0,501,277,False,False
501,be,1,8,3,3,34,9,2,2,0,0,0,502,423,False,False
502,an,1,8,3,4,35,12,2,2,0,0,0,503,195,False,False
503,inveterate,1,8,3,5,36,15,10,10,0,0,0,504,1,False,False
504,birdwatcher,1,8,3,6,37,26,11,11,0,0,0,505,1,False,False
505,or,1,8,3,7,38,38,2,2,0,0,0,506,194,False,False
506,naturalist,1,8,3,8,39,41,10,10,0,0,0,507,1,False,False
507,to,1,8,3,9,40,52,2,2,0,0,0,508,1597,False,False
508,be,1,8,3,10,41,55,2,2,0,0,0,509,423,False,False
509,captivated,1,8,3,11,42,58,10,10,0,0,0,510,1,False,False
510,by,1,8,3,12,43,69,2,2,0,0,0,511,252,False,False
511,what,1,8,3,13,44,72,4,4,0,0,0,512,125,False,False
512,you,1,8,3,14,45,77,3,3,0,0,0,513,179,False,True
513,see.,1,8,4,1,46,0,4,3,1,0,1,514,41,True,False
514,You,1,8,4,2,47,5,3,3,0,0,0,515,179,False,False
515,simply,1,8,4,3,48,9,6,6,0,0,0,516,17,False,False
516,cannot,1,8,4,4,49,16,6,6,0,0,0,517,11,False,False
517,help,1,8,4,5,50,23,4,4,0,0,0,518,21,False,False
518,being,1,8,4,6,51,28,5,5,0,0,0,519,54,False,False
519,taken,1,8,4,7,52,34,5,5,0,0,0,520,21,False,False
520,over,1,8,4,8,53,40,4,4,0,0,0,521,76,False,False
521,by,1,8,4,9,54,45,2,2,0,0,0,522,252,False,False
522,a,1,8,4,10,55,48,1,1,0,0,0,523,1434,False,False
523,sense,1,8,4,11,56,50,5,5,0,0,0,524,14,False,False
524,of,1,8,4,12,57,56,2,2,0,0,0,525,1757,False,False
525,wonder,1,8,4,13,58,59,6,6,0,0,0,526,8,False,False
526,at,1,8,4,14,59,66,2,2,0,0,0,527,269,False,False
527,this,1,8,4,15,60,69,4,4,0,0,0,528,293,False,True
528,different,1,8,5,1,61,0,9,9,0,0,0,529,24,True,False
529,and,1,8,5,2,62,10,3,3,0,0,0,530,1283,False,False
530,special,1,8,5,3,63,14,7,7,0,0,0,531,10,False,False
531,world.,1,8,5,4,64,22,6,5,1,0,1,532,60,False,False
532,Darwin's,1,8,5,5,65,33,8,8,8,0,0,533,-99,False,False
533,"visit,",1,8,5,6,66,42,6,5,2,0,1,534,12,False,False
534,in,1,8,5,7,67,49,2,2,0,0,0,535,1091,False,False
535,"1835,",1,8,5,8,68,52,5,4,2,0,1,536,-99,False,False
536,aboard,1,8,5,9,69,58,6,6,0,0,0,537,2,False,False
537,HMS,1,8,5,10,70,65,3,3,0,0,0,538,1,False,False
538,Beagle,1,8,5,11,71,69,6,6,0,0,0,539,1,False,True
539,lasted,1,9,1,1,1,0,6,6,0,0,0,540,1,True,False
540,five,1,9,1,2,2,7,4,4,0,0,0,541,18,False,False
541,times,1,9,1,3,3,12,5,5,0,0,0,542,23,False,False
542,longer.,1,9,1,4,4,18,7,6,1,0,1,543,14,False,False
543,He,1,9,1,5,5,26,2,2,0,0,0,544,265,False,False
544,marvelled,1,9,1,6,6,29,9,9,0,0,0,545,3,False,False
545,at,1,9,1,7,7,39,2,2,0,0,0,546,269,False,False
546,the,1,9,1,8,8,42,3,3,0,0,0,547,3511,False,False
547,tortoises,1,9,1,9,9,46,9,9,0,0,0,548,2,False,False
548,and,1,9,1,10,10,56,3,3,0,0,0,549,1283,False,False
549,the,1,9,1,11,11,60,3,3,0,0,0,550,3511,False,False
550,"iguanas,",1,9,1,12,12,64,8,7,2,0,1,551,2,False,False
551,but,1,9,1,13,13,73,3,3,0,0,0,552,325,False,False
552,it,1,9,1,14,14,77,2,2,0,0,0,553,544,False,True
553,was,1,9,2,1,15,0,3,3,0,0,0,554,383,True,False
554,the,1,9,2,2,16,4,3,3,0,0,0,555,3511,False,False
555,tiny,1,9,2,3,17,8,4,4,0,0,0,556,13,False,False
556,finches,1,9,2,4,18,13,7,7,0,0,0,557,3,False,False
557,that,1,9,2,5,19,21,4,4,0,0,0,558,871,False,False
558,jolted,1,9,2,6,20,26,6,6,0,0,0,559,1,False,False
559,his,1,9,2,7,21,33,3,3,0,0,0,560,161,False,False
560,imagination,1,9,2,8,22,37,11,11,0,0,0,561,5,False,False
561,most,1,9,2,9,23,49,4,4,0,0,0,562,93,False,False
562,vividly.,1,9,2,10,24,54,8,7,1,0,1,563,1,False,False
563,They,1,9,2,11,25,63,4,4,0,0,0,564,258,False,False
564,are,1,9,2,12,26,68,3,3,0,0,0,565,351,False,False
565,still,1,9,2,13,27,72,5,5,0,0,0,566,52,False,True
566,called,1,9,3,1,28,0,6,6,0,0,0,567,22,True,False
567,Darwin's,1,9,3,2,29,7,8,8,8,0,0,568,-99,False,False
568,Finches,1,9,3,3,30,16,7,7,0,0,0,569,3,False,False
569,in,1,9,3,4,31,24,2,2,0,0,0,570,1091,False,False
570,his,1,9,3,5,32,27,3,3,0,0,0,571,161,False,False
571,honour.,1,9,3,6,33,31,7,6,1,0,1,572,2,False,False
572,There,1,9,3,7,34,39,5,5,0,0,0,573,189,False,False
573,are,1,9,3,8,35,45,3,3,0,0,0,574,351,False,False
574,13,1,9,3,9,36,49,2,2,0,0,0,575,-99,False,False
575,different,1,9,3,10,37,52,9,9,0,0,0,576,24,False,False
576,species,1,9,3,11,38,62,7,7,0,0,0,577,7,False,False
577,of,1,9,3,12,39,70,2,2,0,0,0,578,1757,False,False
578,the,1,9,3,13,40,73,3,3,0,0,0,579,3511,False,True
579,finches,1,9,4,1,41,0,7,7,0,0,0,580,3,True,False
580,across,1,9,4,2,42,8,6,6,0,0,0,581,28,False,False
581,the,1,9,4,3,43,15,3,3,0,0,0,582,3511,False,False
582,islands,1,9,4,4,44,19,7,7,0,0,0,583,7,False,False
583,(our,1,9,4,5,45,27,4,3,10,1,0,584,84,False,False
584,group,1,9,4,6,46,32,5,5,0,0,0,585,18,False,False
585,managed,1,9,4,7,47,38,7,7,0,0,0,586,3,False,False
586,to,1,9,4,8,48,46,2,2,0,0,0,587,1597,False,False
587,see,1,9,4,9,49,49,3,3,0,0,0,588,41,False,False
588,five,1,9,4,10,50,53,4,4,0,0,0,589,18,False,False
589,or,1,9,4,11,51,58,2,2,0,0,0,590,194,False,False
590,six).,1,9,4,12,52,61,5,3,26,0,2,591,13,False,False
591,The,1,9,4,13,53,67,3,3,0,0,0,592,3511,False,True
592,fascination,1,9,5,1,54,0,11,11,0,0,0,593,2,True,False
593,is,1,9,5,2,55,12,2,2,0,0,0,594,717,False,False
594,in,1,9,5,3,56,15,2,2,0,0,0,595,1091,False,False
595,the,1,9,5,4,57,18,3,3,0,0,0,596,3511,False,False
596,beaks.,1,9,5,5,58,22,6,5,1,0,1,597,1,False,False
597,Each,1,9,5,6,59,29,4,4,0,0,0,598,16,False,False
598,species,1,9,5,7,60,34,7,7,0,0,0,599,7,False,False
599,on,1,9,5,8,61,42,2,2,0,0,0,600,417,False,False
600,each,1,9,5,9,62,45,4,4,0,0,0,601,16,False,False
601,island,1,9,5,10,63,50,6,6,0,0,0,602,8,False,False
602,"has,",1,9,5,11,64,57,4,3,2,0,1,603,239,False,False
603,over,1,9,5,12,65,62,4,4,0,0,0,604,76,False,False
604,"time,",1,9,5,13,66,67,5,4,2,0,1,605,105,False,True
605,developed,1,10,1,1,1,0,9,9,0,0,0,606,4,True,False
606,a,1,10,1,2,2,10,1,1,0,0,0,607,1434,False,False
607,differently,1,10,1,3,3,12,11,11,0,0,0,608,1,False,False
608,shaped,1,10,1,4,4,24,6,6,0,0,0,609,6,False,False
609,"beak,",1,10,1,5,5,31,5,4,2,0,1,610,1,False,False
610,adapted,1,10,1,6,6,37,7,7,0,0,0,611,1,False,False
611,to,1,10,1,7,7,45,2,2,0,0,0,612,1597,False,False
612,the,1,10,1,8,8,48,3,3,0,0,0,613,3511,False,False
613,vegetation,1,10,1,9,9,52,10,10,0,0,0,614,2,False,False
614,and,1,10,1,10,10,63,3,3,0,0,0,615,1283,False,False
615,the,1,10,1,11,11,67,3,3,0,0,0,616,3511,False,True
616,competition,1,10,2,1,12,0,11,11,0,0,0,617,4,True,False
617,in,1,10,2,2,13,12,2,2,0,0,0,618,1091,False,False
618,that,1,10,2,3,14,15,4,4,0,0,0,619,871,False,False
619,particular,1,10,2,4,15,20,10,10,0,0,0,620,13,False,False
620,location.,1,10,2,5,16,31,9,8,1,0,1,621,5,False,False
621,These,1,10,2,6,17,41,5,5,0,0,0,622,73,False,False
622,tiny,1,10,2,7,18,47,4,4,0,0,0,623,13,False,False
623,birds,1,10,2,8,19,52,5,5,0,0,0,624,8,False,False
624,with,1,10,2,9,20,58,4,4,0,0,0,625,393,False,False
625,tiny,1,10,2,10,21,63,4,4,0,0,0,626,13,False,False
626,distinctions,1,10,2,11,22,68,12,12,0,0,0,627,2,False,True
627,helped,1,10,3,1,23,0,6,6,0,0,0,628,8,True,False
628,to,1,10,3,2,24,7,2,2,0,0,0,629,1597,False,False
629,produce,1,10,3,3,25,10,7,7,0,0,0,630,9,False,False
630,one,1,10,3,4,26,18,3,3,0,0,0,631,176,False,False
631,of,1,10,3,5,27,22,2,2,0,0,0,632,1757,False,False
632,the,1,10,3,6,28,25,3,3,0,0,0,633,3511,False,False
633,greatest,1,10,3,7,29,29,8,8,0,0,0,634,7,False,False
634,ever,1,10,3,8,30,38,4,4,0,0,0,635,38,False,False
635,advances,1,10,3,9,31,43,8,8,0,0,0,636,5,False,False
636,in,1,10,3,10,32,52,2,2,0,0,0,637,1091,False,False
637,the,1,10,3,11,33,55,3,3,0,0,0,638,3511,False,False
638,history,1,10,3,12,34,59,7,7,0,0,0,639,9,False,False
639,of,1,10,3,13,35,67,2,2,0,0,0,640,1757,False,False
640,scientific,1,10,3,14,36,70,10,10,0,0,0,641,14,False,True
641,thought.,1,10,4,1,37,0,8,7,1,0,1,642,24,True,False
642,Since,1,10,4,2,38,13,5,5,0,0,0,643,32,False,False
643,Darwin,1,10,4,3,39,19,6,6,0,0,0,644,2,False,False
644,"called,",1,10,4,4,40,26,7,6,2,0,1,645,22,False,False
645,these,1,10,4,5,41,34,5,5,0,0,0,646,73,False,False
646,islands,1,10,4,6,42,40,7,7,0,0,0,647,7,False,False
647,on,1,10,4,7,43,48,2,2,0,0,0,648,417,False,False
648,the,1,10,4,8,44,51,3,3,0,0,0,649,3511,False,False
649,Equator,1,10,4,9,45,55,7,7,0,0,0,650,1,False,False
650,have,1,10,4,10,46,63,4,4,0,0,0,651,361,False,False
651,struggled,1,10,4,11,47,68,9,9,0,0,0,652,2,False,False
652,to,1,10,4,12,48,78,2,2,0,0,0,653,1597,False,True
653,maintain,1,10,5,1,49,0,8,8,0,0,0,654,5,True,False
654,the,1,10,5,2,50,9,3,3,0,0,0,655,3511,False,False
655,fragile,1,10,5,3,51,13,7,7,0,0,0,656,3,False,False
656,balance,1,10,5,4,52,21,7,7,0,0,0,657,3,False,False
657,of,1,10,5,5,53,29,2,2,0,0,0,658,1757,False,False
658,their,1,10,5,6,54,32,5,5,0,0,0,659,225,False,False
659,ecology.,1,10,5,7,55,38,8,7,1,0,1,660,1,False,False
660,Over,1,10,5,8,56,47,4,4,0,0,0,661,76,False,False
661,the,1,10,5,9,57,52,3,3,0,0,0,662,3511,False,False
662,"years,",1,10,5,10,58,56,6,5,2,0,1,663,104,False,False
663,the,1,10,5,11,59,63,3,3,0,0,0,664,3511,False,False
664,indigenous,1,10,5,12,60,67,10,10,0,0,0,665,1,False,True
665,animal,1,11,1,1,1,0,6,6,0,0,0,666,3,True,False
666,population,1,11,1,2,2,7,10,10,0,0,0,667,11,False,False
667,has,1,11,1,3,3,18,3,3,0,0,0,668,239,False,False
668,been,1,11,1,4,4,22,4,4,0,0,0,669,178,False,False
669,under,1,11,1,5,5,27,5,5,0,0,0,670,32,False,False
670,increasing,1,11,1,6,6,33,10,10,0,0,0,671,3,False,False
671,"threat,",1,11,1,7,7,44,7,6,2,0,1,672,7,False,False
672,from,1,11,1,8,8,52,4,4,0,0,0,673,248,False,False
673,wayward,1,11,1,9,9,57,7,7,0,0,0,674,1,False,False
674,"fishermen,",1,11,1,10,10,65,10,9,2,0,1,675,1,False,False
675,or,1,11,1,11,11,76,2,2,0,0,0,676,194,False,True
676,from,1,11,2,1,12,0,4,4,0,0,0,677,248,True,False
677,feral,1,11,2,2,13,5,5,5,0,0,0,678,1,False,False
678,"dogs,",1,11,2,3,14,11,5,4,2,0,1,679,12,False,False
679,goats,1,11,2,4,15,17,5,5,0,0,0,680,1,False,False
680,and,1,11,2,5,16,23,3,3,0,0,0,681,1283,False,False
681,rats,1,11,2,6,17,27,4,4,0,0,0,682,1,False,False
682,escaping,1,11,2,7,18,32,8,8,0,0,0,683,2,False,False
683,from,1,11,2,8,19,41,4,4,0,0,0,684,248,False,False
684,human,1,11,2,9,20,46,5,5,0,0,0,685,25,False,False
685,settlements,1,11,2,10,21,52,11,11,0,0,0,686,1,False,False
686,or,1,11,2,11,22,64,2,2,0,0,0,687,194,False,False
687,boats.,1,11,2,12,23,67,6,5,1,0,1,688,3,False,True
688,Recently,1,11,3,1,24,0,8,8,0,0,0,689,12,True,False
689,the,1,11,3,2,25,9,3,3,0,0,0,690,3511,False,False
690,Ecuador,1,11,3,3,26,13,7,7,0,0,0,691,2,False,False
691,authorities,1,11,3,4,27,21,11,11,0,0,0,692,9,False,False
692,started,1,11,3,5,28,33,7,7,0,0,0,693,8,False,False
693,trying,1,11,3,6,29,41,6,6,0,0,0,694,23,False,False
694,to,1,11,3,7,30,48,2,2,0,0,0,695,1597,False,False
695,eradicate,1,11,3,8,31,51,9,9,0,0,0,696,1,False,False
696,the,1,11,3,9,32,61,3,3,0,0,0,697,3511,False,False
697,invading,1,11,3,10,33,65,8,8,0,0,0,698,2,False,True
698,"species,",1,11,4,1,34,0,8,7,2,0,1,699,7,True,False
699,and,1,11,4,2,35,9,3,3,0,0,0,700,1283,False,False
700,have,1,11,4,3,36,13,4,4,0,0,0,701,361,False,False
701,now,1,11,4,4,37,18,3,3,0,0,0,702,107,False,False
702,succeeded,1,11,4,5,38,22,9,9,0,0,0,703,2,False,False
703,in,1,11,4,6,39,32,2,2,0,0,0,704,1091,False,False
704,freeing,1,11,4,7,40,35,7,7,0,0,0,705,2,False,False
705,some,1,11,4,8,41,43,4,4,0,0,0,706,86,False,False
706,entire,1,11,4,9,42,48,6,6,0,0,0,707,5,False,False
707,islands,1,11,4,10,43,55,7,7,0,0,0,708,7,False,False
708,from,1,11,4,11,44,63,4,4,0,0,0,709,248,False,False
709,non-native,1,11,4,12,45,68,10,10,0,0,0,710,-99,False,True
710,creatures.,1,11,5,1,46,0,10,9,1,0,1,711,3,True,False
711,A,1,11,5,2,47,11,1,1,0,0,0,712,1434,False,False
712,giant,1,11,5,3,48,13,5,5,0,0,0,713,7,False,False
713,tortoise,1,11,5,4,49,19,8,8,0,0,0,714,1,False,False
714,breeding,1,11,5,5,50,28,8,8,0,0,0,715,1,False,False
715,programme,1,11,5,6,51,37,9,9,0,0,0,716,8,False,False
716,is,1,11,5,7,52,47,2,2,0,0,0,717,717,False,False
717,in,1,11,5,8,53,50,2,2,0,0,0,718,1091,False,False
718,"place,",1,11,5,9,54,53,6,5,2,0,1,719,22,False,False
719,rearing,1,11,5,10,55,60,7,7,0,0,0,720,1,False,False
720,infants,1,11,5,11,56,68,7,7,0,0,0,721,1,False,False
721,in,1,11,5,12,57,76,2,2,0,0,0,722,1091,False,False
722,a,1,11,5,13,58,79,1,1,0,0,0,723,1434,False,True
723,protected,1,12,1,1,1,0,9,9,0,0,0,724,-99,True,False
724,environment,1,12,1,2,2,10,11,11,0,0,0,725,10,False,False
725,at,1,12,1,3,3,22,2,2,0,0,0,726,269,False,False
726,a,1,12,1,4,4,25,1,1,0,0,0,727,1434,False,False
727,time,1,12,1,5,5,27,4,4,0,0,0,728,105,False,False
728,when,1,12,1,6,6,32,4,4,0,0,0,729,144,False,False
729,they,1,12,1,7,7,37,4,4,0,0,0,730,258,False,False
730,are,1,12,1,8,8,42,3,3,0,0,0,731,351,False,False
731,at,1,12,1,9,9,46,2,2,0,0,0,732,269,False,False
732,greatest,1,12,1,10,10,49,8,8,0,0,0,733,7,False,False
733,"risk,",1,12,1,11,11,58,5,4,2,0,1,734,13,False,False
734,and,1,12,1,12,12,64,3,3,0,0,0,735,1283,False,False
735,then,1,12,1,13,13,68,4,4,0,0,0,736,71,False,True
736,returning,1,12,2,1,14,0,9,9,0,0,0,737,-99,True,False
737,them,1,12,2,2,15,10,4,4,0,0,0,738,80,False,False
738,to,1,12,2,3,16,15,2,2,0,0,0,739,1597,False,False
739,the,1,12,2,4,17,18,3,3,0,0,0,740,3511,False,False
740,wild.,1,12,2,5,18,22,5,4,1,0,1,741,3,False,False
741,And,1,12,2,6,19,28,3,3,0,0,0,742,1283,False,False
742,there,1,12,2,7,20,32,5,5,0,0,0,743,189,False,False
743,are,1,12,2,8,21,38,3,3,0,0,0,744,351,False,False
744,strict,1,12,2,9,22,42,6,6,0,0,0,745,3,False,False
745,laws,1,12,2,10,23,49,4,4,0,0,0,746,5,False,False
746,now,1,12,2,11,24,54,3,3,0,0,0,747,107,False,False
747,in,1,12,2,12,25,58,2,2,0,0,0,748,1091,False,False
748,place,1,12,2,13,26,61,5,5,0,0,0,749,22,False,False
749,against,1,12,2,14,27,67,7,7,0,0,0,750,36,False,True
750,harming,1,12,3,1,28,0,7,7,0,0,0,751,1,True,False
751,or,1,12,3,2,29,8,2,2,0,0,0,752,194,False,False
752,destroying,1,12,3,3,30,11,10,10,0,0,0,753,3,False,False
753,the,1,12,3,4,31,22,3,3,0,0,0,754,3511,False,False
754,wildlife,1,12,3,5,32,26,8,8,0,0,0,755,5,False,False
755,-,1,12,3,6,33,35,1,1,12,0,0,756,-99,False,False
756,though,1,12,3,7,34,37,6,6,0,0,0,757,37,False,False
757,only,1,12,3,8,35,44,4,4,0,0,0,758,97,False,False
758,recently,1,12,3,9,36,49,8,8,0,0,0,759,12,False,False
759,a,1,12,3,10,37,58,1,1,0,0,0,760,1434,False,False
760,group,1,12,3,11,38,60,5,5,0,0,0,761,18,False,False
761,of,1,12,3,12,39,66,2,2,0,0,0,762,1757,False,False
762,12,1,12,3,13,40,69,2,2,0,0,0,763,-99,False,False
763,slain,1,12,3,14,41,72,5,5,0,0,0,764,1,False,True
764,tortoises,1,12,4,1,42,0,9,9,0,0,0,765,2,True,False
765,was,1,12,4,2,43,10,3,3,0,0,0,766,383,False,False
766,discovered,1,12,4,3,44,14,10,10,0,0,0,767,5,False,False
767,killed,1,12,4,4,45,25,6,6,0,0,0,768,5,False,False
768,apparently,1,12,4,5,46,32,10,10,0,0,0,769,5,False,False
769,for,1,12,4,6,47,43,3,3,0,0,0,770,519,False,False
770,the,1,12,4,7,48,47,3,3,0,0,0,771,3511,False,False
771,Japanese,1,12,4,8,49,51,8,8,0,0,0,772,3,False,False
772,aphrodisiac,1,12,4,9,50,60,11,11,0,0,0,773,1,False,False
773,market.,1,12,4,10,51,72,7,6,1,0,1,774,19,False,True
774,The,1,12,5,1,52,0,3,3,0,0,0,775,3511,True,False
775,most,1,12,5,2,53,4,4,4,0,0,0,776,93,False,False
776,serious,1,12,5,3,54,9,7,7,0,0,0,777,11,False,False
777,ecological,1,12,5,4,55,17,10,10,0,0,0,778,1,False,False
778,"threat,",1,12,5,5,56,28,7,6,2,0,1,779,7,False,False
779,"however,",1,12,5,6,57,36,8,7,2,0,1,780,38,False,False
780,is,1,12,5,7,58,45,2,2,0,0,0,781,717,False,False
781,posed,1,12,5,8,59,48,5,5,0,0,0,782,2,False,False
782,by,1,12,5,9,60,54,2,2,0,0,0,783,252,False,False
783,the,1,12,5,10,61,57,3,3,0,0,0,784,3511,False,False
784,greatest,1,12,5,11,62,61,8,8,0,0,0,785,7,False,False
785,economic,1,12,5,12,63,70,8,8,0,0,0,786,25,False,True
786,boon,1,13,1,1,1,0,4,4,0,0,0,787,1,True,False
787,the,1,13,1,2,2,5,3,3,0,0,0,788,3511,False,False
788,islands,1,13,1,3,3,9,7,7,0,0,0,789,7,False,False
789,have,1,13,1,4,4,17,4,4,0,0,0,790,361,False,False
790,ever,1,13,1,5,5,22,4,4,0,0,0,791,38,False,False
791,had:,1,13,1,6,6,27,4,3,4,0,1,792,130,False,False
792,tourism.,1,13,1,7,7,32,8,7,1,0,1,793,3,False,False
793,Ninety,1,13,1,8,8,41,6,6,0,0,0,794,1,False,False
794,"boats,",1,13,1,9,9,48,6,5,2,0,1,795,3,False,False
795,ranging,1,13,1,10,10,55,7,7,0,0,0,796,2,False,False
796,in,1,13,1,11,11,63,2,2,0,0,0,797,1091,False,False
797,size,1,13,1,12,12,66,4,4,0,0,0,798,10,False,False
798,from,1,13,1,13,13,71,4,4,0,0,0,799,248,False,False
799,12,1,13,1,14,14,76,2,2,0,0,0,800,-99,False,True
800,passengers,1,13,2,1,15,0,10,10,0,0,0,801,3,True,False
801,to,1,13,2,2,16,11,2,2,0,0,0,802,1597,False,False
802,"100,",1,13,2,3,17,14,4,3,2,0,1,803,-99,False,False
803,do,1,13,2,4,18,19,2,2,0,0,0,804,75,False,False
804,the,1,13,2,5,19,22,3,3,0,0,0,805,3511,False,False
805,rounds,1,13,2,6,20,26,6,6,0,0,0,806,1,False,False
806,of,1,13,2,7,21,33,2,2,0,0,0,807,1757,False,False
807,the,1,13,2,8,22,36,3,3,0,0,0,808,3511,False,False
808,islands.,1,13,2,9,23,40,8,7,1,0,1,809,7,False,False
809,And,1,13,2,10,24,49,3,3,0,0,0,810,1283,False,False
810,on,1,13,2,11,25,53,2,2,0,0,0,811,417,False,False
811,the,1,13,2,12,26,56,3,3,0,0,0,812,3511,False,False
812,"whole,",1,13,2,13,27,60,6,5,2,0,1,813,12,False,False
813,the,1,13,2,14,28,67,3,3,0,0,0,814,3511,False,False
814,schedules,1,13,2,15,29,71,9,9,0,0,0,815,1,False,True
815,are,1,13,3,1,30,0,3,3,0,0,0,816,351,True,False
816,managed,1,13,3,2,31,4,7,7,0,0,0,817,3,False,False
817,well.,1,13,3,3,32,12,5,4,1,0,1,818,48,False,False
818,The,1,13,3,4,33,18,3,3,0,0,0,819,3511,False,False
819,itineraries,1,13,3,5,34,22,11,11,0,0,0,820,1,False,False
820,are,1,13,3,6,35,34,3,3,0,0,0,821,351,False,False
821,"staggered,",1,13,3,7,36,38,10,9,2,0,1,822,1,False,False
822,so,1,13,3,8,37,49,2,2,0,0,0,823,154,False,False
823,that,1,13,3,9,38,52,4,4,0,0,0,824,871,False,False
824,at,1,13,3,10,39,57,2,2,0,0,0,825,269,False,False
825,most,1,13,3,11,40,60,4,4,0,0,0,826,93,False,False
826,two,1,13,3,12,41,65,3,3,0,0,0,827,43,False,False
827,or,1,13,3,13,42,69,2,2,0,0,0,828,194,False,False
828,three,1,13,3,14,43,72,5,5,0,0,0,829,28,False,True
829,boats,1,13,4,1,44,0,5,5,0,0,0,830,3,True,False
830,might,1,13,4,2,45,6,5,5,0,0,0,831,56,False,False
831,appear,1,13,4,3,46,12,6,6,0,0,0,832,9,False,False
832,at,1,13,4,4,47,19,2,2,0,0,0,833,269,False,False
833,one,1,13,4,5,48,22,3,3,0,0,0,834,176,False,False
834,location,1,13,4,6,49,26,8,8,0,0,0,835,5,False,False
835,at,1,13,4,7,50,35,2,2,0,0,0,836,269,False,False
836,the,1,13,4,8,51,38,3,3,0,0,0,837,3511,False,False
837,same,1,13,4,9,52,42,4,4,0,0,0,838,36,False,False
838,time.,1,13,4,10,53,47,5,4,1,0,1,839,105,False,False
839,When,1,13,4,11,54,53,4,4,0,0,0,840,144,False,False
840,you,1,13,4,12,55,58,3,3,0,0,0,841,179,False,False
841,go,1,13,4,13,56,62,2,2,0,0,0,842,40,False,False
842,ashore,1,13,4,14,57,65,6,6,0,0,0,843,3,False,False
843,you,1,13,4,15,58,72,3,3,0,0,0,844,179,False,False
844,have,1,13,4,16,59,76,4,4,0,0,0,845,361,False,True
845,to,1,13,5,1,60,0,2,2,0,0,0,846,1597,True,False
846,be,1,13,5,2,61,3,2,2,0,0,0,847,423,False,False
847,with,1,13,5,3,62,6,4,4,0,0,0,848,393,False,False
848,a,1,13,5,4,63,11,1,1,0,0,0,849,1434,False,False
849,"guide,",1,13,5,5,64,13,6,5,2,0,1,850,9,False,False
850,you,1,13,5,6,65,20,3,3,0,0,0,851,179,False,False
851,cannot,1,13,5,7,66,24,6,6,0,0,0,852,11,False,False
852,stray,1,13,5,8,67,31,5,5,0,0,0,853,1,False,False
853,from,1,13,5,9,68,37,4,4,0,0,0,854,248,False,False
854,the,1,13,5,10,69,42,3,3,0,0,0,855,3511,False,False
855,marked,1,13,5,11,70,46,6,6,0,0,0,856,3,False,False
856,"trails,",1,13,5,12,71,53,7,6,2,0,1,857,3,False,False
857,and,1,13,5,13,72,61,3,3,0,0,0,858,1283,False,False
858,you,1,13,5,14,73,65,3,3,0,0,0,859,179,False,False
859,cannot,1,13,5,15,74,69,6,6,0,0,0,860,11,False,True
860,touch,1,14,1,1,1,0,5,5,0,0,0,861,9,True,False
861,the,1,14,1,2,2,6,3,3,0,0,0,862,3511,False,False
862,wildlife.,1,14,1,3,3,10,9,8,1,0,1,863,5,False,False
863,One,1,14,1,4,4,20,3,3,0,0,0,864,176,False,False
864,of,1,14,1,5,5,24,2,2,0,0,0,865,1757,False,False
865,the,1,14,1,6,6,27,3,3,0,0,0,866,3511,False,False
866,passengers,1,14,1,7,7,31,10,10,0,0,0,867,3,False,False
867,on,1,14,1,8,8,42,2,2,0,0,0,868,417,False,False
868,our,1,14,1,9,9,45,3,3,0,0,0,869,84,False,False
869,boat,1,14,1,10,10,49,4,4,0,0,0,870,8,False,False
870,was,1,14,1,11,11,54,3,3,0,0,0,871,383,False,False
871,roundly,1,14,1,12,12,58,7,7,0,0,0,872,1,False,False
872,and,1,14,1,13,13,66,3,3,0,0,0,873,1283,False,False
873,rightly,1,14,1,14,14,70,7,7,0,0,0,874,3,False,True
874,chastised,1,14,2,1,15,0,9,9,0,0,0,875,1,True,False
875,for,1,14,2,2,16,10,3,3,0,0,0,876,519,False,False
876,stroking,1,14,2,3,17,14,8,8,0,0,0,877,1,False,False
877,a,1,14,2,4,18,23,1,1,0,0,0,878,1434,False,False
878,young,1,14,2,5,19,25,5,5,0,0,0,879,43,False,False
879,sea-lion,1,14,2,6,20,31,8,8,0,0,0,880,-99,False,False
880,-,1,14,2,7,21,40,1,1,12,0,0,881,-99,False,False
881,an,1,14,2,8,22,42,2,2,0,0,0,882,195,False,False
882,action,1,14,2,9,23,45,6,6,0,0,0,883,9,False,False
883,with,1,14,2,10,24,52,4,4,0,0,0,884,393,False,False
884,potentially,1,14,2,11,25,57,11,11,0,0,0,885,3,False,False
885,fatal,1,14,2,12,26,69,5,5,0,0,0,886,3,False,True
886,consequences,1,14,3,1,27,0,12,12,0,0,0,887,8,True,False
887,for,1,14,3,2,28,13,3,3,0,0,0,888,519,False,False
888,the,1,14,3,3,29,17,3,3,0,0,0,889,3511,False,False
889,sea-lion,1,14,3,4,30,21,8,8,0,0,0,890,-99,False,False
890,because,1,14,3,5,31,30,7,7,0,0,0,891,78,False,False
891,of,1,14,3,6,32,38,2,2,0,0,0,892,1757,False,False
892,the,1,14,3,7,33,41,3,3,0,0,0,893,3511,False,False
893,risk,1,14,3,8,34,45,4,4,0,0,0,894,13,False,False
894,of,1,14,3,9,35,50,2,2,0,0,0,895,1757,False,False
895,rejection,1,14,3,10,36,53,9,9,0,0,0,896,1,False,False
896,by,1,14,3,11,37,63,2,2,0,0,0,897,252,False,False
897,the,1,14,3,12,38,66,3,3,0,0,0,898,3511,False,False
898,mother.,1,14,3,13,39,70,7,6,1,0,1,899,11,False,True
899,In,1,14,4,1,40,0,2,2,0,0,0,900,1091,True,False
900,a,1,14,4,2,41,3,1,1,0,0,0,901,1434,False,False
901,country,1,14,4,3,42,5,7,7,0,0,0,902,32,False,False
902,as,1,14,4,4,43,13,2,2,0,0,0,903,422,False,False
903,poor,1,14,4,5,44,16,4,4,0,0,0,904,16,False,False
904,as,1,14,4,6,45,21,2,2,0,0,0,905,422,False,False
905,"Ecuador,",1,14,4,7,46,24,8,7,2,0,1,906,2,False,False
906,the,1,14,4,8,47,33,3,3,0,0,0,907,3511,False,False
907,temptation,1,14,4,9,48,37,10,10,0,0,0,908,2,False,False
908,to,1,14,4,10,49,48,2,2,0,0,0,909,1597,False,False
909,increase,1,14,4,11,50,51,8,8,0,0,0,910,8,False,False
910,the,1,14,4,12,51,60,3,3,0,0,0,911,3511,False,False
911,numbers,1,14,4,13,52,64,7,7,0,0,0,912,6,False,False
912,of,1,14,4,14,53,72,2,2,0,0,0,913,1757,False,True
913,tourists,1,14,5,1,54,0,8,8,0,0,0,914,3,True,False
914,is,1,14,5,2,55,9,2,2,0,0,0,915,717,False,False
915,always,1,14,5,3,56,12,6,6,0,0,0,916,26,False,False
916,there.,1,14,5,4,57,19,6,5,1,0,1,917,189,False,False
917,We,1,14,5,5,58,26,2,2,0,0,0,918,179,False,False
918,were,1,14,5,6,59,29,4,4,0,0,0,919,106,False,False
919,told,1,14,5,7,60,34,4,4,0,0,0,920,21,False,False
920,there's,1,14,5,8,61,39,7,7,8,0,0,921,-99,False,False
921,been,1,14,5,9,62,47,4,4,0,0,0,922,178,False,False
922,a,1,14,5,10,63,52,1,1,0,0,0,923,1434,False,False
923,recent,1,14,5,11,64,54,6,6,0,0,0,924,13,False,False
924,request,1,14,5,12,65,61,7,7,0,0,0,925,1,False,False
925,for,1,14,5,13,66,69,3,3,0,0,0,926,519,False,True
926,permission,1,15,1,1,1,0,10,10,0,0,0,927,2,True,False
927,for,1,15,1,2,2,11,3,3,0,0,0,928,519,False,False
928,a,1,15,1,3,3,15,1,1,0,0,0,929,1434,False,False
929,much,1,15,1,4,4,17,4,4,0,0,0,930,97,False,False
930,larger,1,15,1,5,5,22,6,6,0,0,0,931,4,False,False
931,boat,1,15,1,6,6,29,4,4,0,0,0,932,8,False,False
932,to,1,15,1,7,7,34,2,2,0,0,0,933,1597,False,False
933,travel,1,15,1,8,8,37,6,6,0,0,0,934,4,False,False
934,round,1,15,1,9,9,44,5,5,0,0,0,935,11,False,False
935,the,1,15,1,10,10,50,3,3,0,0,0,936,3511,False,False
936,"Galapagos,",1,15,1,11,11,54,10,9,2,0,1,937,7,False,False
937,carrying,1,15,1,12,12,65,8,8,0,0,0,938,4,False,False
938,some,1,15,1,13,13,74,4,4,0,0,0,939,86,False,True
939,500,1,15,2,1,14,0,3,3,0,0,0,940,-99,True,False
940,passengers.,1,15,2,2,15,4,11,10,1,0,1,941,3,False,False
941,I,1,15,2,3,16,16,1,1,0,0,0,942,327,False,False
942,shudder,1,15,2,4,17,18,7,7,0,0,0,943,1,False,False
943,to,1,15,2,5,18,26,2,2,0,0,0,944,1597,False,False
944,think,1,15,2,6,19,29,5,5,0,0,0,945,52,False,False
945,what,1,15,2,7,20,35,4,4,0,0,0,946,125,False,False
946,might,1,15,2,8,21,40,5,5,0,0,0,947,56,False,False
947,happen,1,15,2,9,22,46,6,6,0,0,0,948,7,False,False
948,if,1,15,2,10,23,53,2,2,0,0,0,949,150,False,False
949,such,1,15,2,11,24,56,4,4,0,0,0,950,87,False,False
950,a,1,15,2,12,25,61,1,1,0,0,0,951,1434,False,False
951,boat,1,15,2,13,26,63,4,4,0,0,0,952,8,False,False
952,arrived,1,15,2,14,27,68,7,7,0,0,0,953,9,False,False
953,at,1,15,2,15,28,76,2,2,0,0,0,954,269,False,True
954,Punta,1,15,3,1,29,0,5,5,0,0,0,955,1,True,False
955,Espinosa,1,15,3,2,30,6,8,8,0,0,0,956,1,False,False
956,and,1,15,3,3,31,15,3,3,0,0,0,957,1283,False,False
957,disgorged,1,15,3,4,32,19,9,9,0,0,0,958,1,False,False
958,everyone,1,15,3,5,33,29,8,8,0,0,0,959,7,False,False
959,on,1,15,3,6,34,38,2,2,0,0,0,960,417,False,False
960,to,1,15,3,7,35,41,2,2,0,0,0,961,1597,False,False
961,Fernandina,1,15,3,8,36,44,10,10,0,0,0,962,2,False,False
962,Island,1,15,3,9,37,55,6,6,0,0,0,963,8,False,False
963,at,1,15,3,10,38,62,2,2,0,0,0,964,269,False,False
964,the,1,15,3,11,39,65,3,3,0,0,0,965,3511,False,False
965,same,1,15,3,12,40,69,4,4,0,0,0,966,36,False,False
966,time.,1,15,3,13,41,74,5,4,1,0,1,967,105,False,True
967,Not,1,15,4,1,42,0,3,3,0,0,0,968,277,True,False
968,only,1,15,4,2,43,4,4,4,0,0,0,969,97,False,False
969,would,1,15,4,3,44,9,5,5,0,0,0,970,146,False,False
970,the,1,15,4,4,45,15,3,3,0,0,0,971,3511,False,False
971,shock,1,15,4,5,46,19,5,5,0,0,0,972,3,False,False
972,of,1,15,4,6,47,25,2,2,0,0,0,973,1757,False,False
973,a,1,15,4,7,48,28,1,1,0,0,0,974,1434,False,False
974,thousand,1,15,4,8,49,30,8,8,0,0,0,975,5,False,False
975,tramping,1,15,4,9,50,39,8,8,0,0,0,976,1,False,False
976,feet,1,15,4,10,51,48,4,4,0,0,0,977,9,False,False
977,endanger,1,15,4,11,52,53,8,8,0,0,0,978,1,False,False
978,the,1,15,4,12,53,62,3,3,0,0,0,979,3511,False,False
979,"rock,",1,15,4,13,54,66,5,4,2,0,1,980,3,False,False
980,the,1,15,4,14,55,72,3,3,0,0,0,981,3511,False,True
981,"sand,",1,15,5,1,56,0,5,4,2,0,1,982,3,True,False
982,and,1,15,5,2,57,6,3,3,0,0,0,983,1283,False,False
983,the,1,15,5,3,58,10,3,3,0,0,0,984,3511,False,False
984,teeming,1,15,5,4,59,14,7,7,0,0,0,985,1,False,False
985,wildlife,1,15,5,5,60,22,8,8,0,0,0,986,5,False,False
986,that,1,15,5,6,61,31,4,4,0,0,0,987,871,False,False
987,depends,1,15,5,7,62,36,7,7,0,0,0,988,4,False,False
988,on,1,15,5,8,63,44,2,2,0,0,0,989,417,False,False
989,it;,1,15,5,9,64,47,3,2,3,0,1,990,544,False,False
990,but,1,15,5,10,65,51,3,3,0,0,0,991,325,False,False
991,it,1,15,5,11,66,55,2,2,0,0,0,992,544,False,False
992,would,1,15,5,12,67,58,5,5,0,0,0,993,146,False,False
993,seriously,1,15,5,13,68,64,9,9,0,0,0,994,7,False,True
994,degrade,1,16,1,1,1,0,7,7,0,0,0,995,1,True,False
995,the,1,16,1,2,2,8,3,3,0,0,0,996,3511,False,False
996,quality,1,16,1,3,3,12,7,7,0,0,0,997,5,False,False
997,of,1,16,1,4,4,20,2,2,0,0,0,998,1757,False,False
998,the,1,16,1,5,5,23,3,3,0,0,0,999,3511,False,False
999,visitors',1,16,1,6,6,27,9,8,7,0,1,1000,3,False,False
